haul,spec,pred,stage,depth,prosomelength,totallipid,fullnessratio
18:45h,C. glacialis,C. glacialis C5,C5,22.5,3.303,0.328,0.504
18:45h,C. glacialis,C. glacialis C5,C5,43.5,3.318,0.341,0.516
18:45h,C. glacialis,C. glacialis C5,C5,60.5,3.344,0.369,0.556
18:45h,C. glacialis,C. glacialis C5,C5,67.5,3.416,0.357,0.564
18:45h,C. glacialis,C. glacialis C5,C5,74.5,3.327,0.387,0.573
18:45h,C. glacialis,C. glacialis C5,C5,82.5,3.225,0.353,0.479
18:45h,C. glacialis,C. glacialis C5,C5,87.5,3.298,0.358,0.571
18:45h,C. glacialis,C. glacialis C5,C5,103.5,3.358,0.361,0.577
18:45h,C. glacialis,C. glacialis C5,C5,113.5,3.347,0.351,0.567
18:45h,C. glacialis,C. glacialis C5,C5,119.5,3.106,0.357,0.586
18:45h,C. glacialis,C. glacialis C5,C5,125.5,3.245,0.386,0.557
18:45h,C. glacialis,C. glacialis C5,C5,131.5,3.286,0.428,0.569
18:45h,C. glacialis,C. glacialis C5,C5,137.5,3.312,0.359,0.561
18:45h,C. glacialis,C. glacialis C5,C5,142.5,3.359,0.412,0.532
18:45h,C. glacialis,C. glacialis C5,C5,144.5,3.169,0.391,0.557
18:45h,C. glacialis,C. glacialis C5,C5,148.5,3.273,0.309,0.532
18:45h,C. glacialis,C. glacialis C5,C5,154.5,3.236,0.372,0.533
18:45h,C. glacialis,C. glacialis C5,C5,160.5,3.389,0.386,0.632
18:45h,C. glacialis,C. glacialis C5,C5,166.5,3.338,0.357,0.595
18:45h,C. glacialis,C. glacialis C5,C5,170.5,3.257,0.386,0.584
18:45h,C. glacialis,C. glacialis C5,C5,176.5,3.358,0.372,0.515
18:45h,C. glacialis,C. glacialis C5,C5,178.5,3.449,0.361,0.574
18:45h,C. glacialis,C. glacialis C5,C5,181.5,3.398,0.365,0.525
18:45h,C. glacialis,C. glacialis C5,C5,197.5,3.442,0.388,0.596
18:45h,C. glacialis,C. glacialis C5,C5,203.5,3.26,0.426,0.601
18:45h,C. glacialis,C. glacialis C5,C5,210.5,3.289,0.377,0.531
18:45h,C. glacialis,C. glacialis C5,C5,215.5,3.332,0.446,0.628
18:45h,C. glacialis,C. glacialis C5,C5,223.5,3.199,0.379,0.563
18:45h,C. glacialis,C. glacialis C5,C5,229.5,3.335,0.399,0.647
18:45h,C. glacialis,C. glacialis C5,C5,234.5,3.361,0.391,0.612
18:45h,C. glacialis,C. glacialis C5,C5,235.5,3.352,0.365,0.599
18:45h,C. glacialis,C. glacialis C5,C5,239.5,3.234,0.366,0.671
18:45h,C. glacialis,C. glacialis C5,C5,245.5,3.266,0.401,0.659
18:45h,C. glacialis,C. glacialis C5,C5,249.5,3.364,0.407,0.689
18:45h,C. glacialis,C. glacialis C5,C5,255.5,3.375,0.463,0.689
18:45h,C. glacialis,C. glacialis C5,C5,263.5,3.445,0.452,0.559
18:45h,C. glacialis,C. glacialis C5,C5,271.5,3.381,0.382,0.559
18:45h,C. glacialis,C. glacialis C5,C5,275.5,3.295,0.437,0.629
18:45h,C. glacialis,C. glacialis C5,C5,277.5,3.485,0.417,0.617
18:45h,C. glacialis,C. glacialis C5,C5,284.5,3.367,0.432,0.691
18:45h,C. glacialis,C. glacialis C5,C5,287.5,3.371,0.428,0.579
18:45h,C. glacialis,C. glacialis C5,C5,291.5,3.312,0.398,0.701
18:45h,C. glacialis,C. glacialis C5,C5,298.5,3.341,0.368,0.644
18:45h,C. glacialis,C. glacialis C5,C5,303.5,3.479,0.407,0.641
18:45h,C. glacialis,C. glacialis C5,C5,311.5,3.433,0.415,0.689
18:45h,C. glacialis,C. glacialis C5,C5,319.5,3.387,0.441,0.592
18:45h,C. glacialis,C. glacialis C5,C5,324.5,3.427,0.377,0.559
18:45h,C. glacialis,C. glacialis C5,C5,330.5,3.387,0.389,0.631
18:45h,C. glacialis,C. glacialis C5,C5,336.5,3.176,0.413,0.603
18:45h,C. glacialis,C. glacialis C5,C5,339.5,3.482,0.434,0.589
18:45h,C. glacialis,C. glacialis C5,C5,343.5,3.344,0.441,0.667
2:40h,C. glacialis,C. glacialis C5,C5,9.5,3.245,0.357,0.509
2:40h,C. glacialis,C. glacialis C5,C5,16.5,3.289,0.347,0.529
2:40h,C. glacialis,C. glacialis C5,C5,20.5,3.399,0.341,0.516
2:40h,C. glacialis,C. glacialis C5,C5,24.5,3.407,0.344,0.526
2:40h,C. glacialis,C. glacialis C5,C5,27.5,3.338,0.351,0.513
2:40h,C. glacialis,C. glacialis C5,C5,28.5,3.289,0.323,0.485
2:40h,C. glacialis,C. glacialis C5,C5,31.5,3.427,0.373,0.488
2:40h,C. glacialis,C. glacialis C5,C5,34.5,3.347,0.379,0.491
2:40h,C. glacialis,C. glacialis C5,C5,36.5,3.352,0.312,0.479
2:40h,C. glacialis,C. glacialis C5,C5,40.5,3.257,0.324,0.468
2:40h,C. glacialis,C. glacialis C5,C5,43.5,3.355,0.358,0.479
2:40h,C. glacialis,C. glacialis C5,C5,48.5,3.347,0.358,0.487
2:40h,C. glacialis,C. glacialis C5,C5,52.5,3.271,0.393,0.529
2:40h,C. glacialis,C. glacialis C5,C5,58.5,3.453,0.327,0.559
2:40h,C. glacialis,C. glacialis C5,C5,60.5,3.425,0.343,0.487
2:40h,C. glacialis,C. glacialis C5,C5,61.5,3.306,0.311,0.509
2:40h,C. glacialis,C. glacialis C5,C5,75.5,3.338,0.351,0.511
2:40h,C. glacialis,C. glacialis C5,C5,81.5,3.323,0.396,0.609
2:40h,C. glacialis,C. glacialis C5,C5,86.5,3.332,0.343,0.578
2:40h,C. glacialis,C. glacialis C5,C5,103.5,3.318,0.341,0.537
2:40h,C. glacialis,C. glacialis C5,C5,110.5,3.375,0.349,0.523
2:40h,C. glacialis,C. glacialis C5,C5,117.5,3.364,0.413,0.626
2:40h,C. glacialis,C. glacialis C5,C5,124.5,3.404,0.448,0.667
2:40h,C. glacialis,C. glacialis C5,C5,144.5,3.261,0.373,0.628
2:40h,C. glacialis,C. glacialis C5,C5,149.5,3.303,0.382,0.556
2:40h,C. glacialis,C. glacialis C5,C5,153.5,3.335,0.404,0.672
2:40h,C. glacialis,C. glacialis C5,C5,159.5,3.404,0.428,0.701
2:40h,C. glacialis,C. glacialis C5,C5,161.5,3.413,0.452,0.643
2:40h,C. glacialis,C. glacialis C5,C5,166.5,3.373,0.453,0.711
2:40h,C. glacialis,C. glacialis C5,C5,175.5,3.338,0.392,0.591
2:40h,C. glacialis,C. glacialis C5,C5,180.5,3.332,0.425,0.656
2:40h,C. glacialis,C. glacialis C5,C5,182.5,3.439,0.366,0.584
2:40h,C. glacialis,C. glacialis C5,C5,189.5,3.399,0.416,0.665
2:40h,C. glacialis,C. glacialis C5,C5,196.5,3.303,0.399,0.696
2:40h,C. glacialis,C. glacialis C5,C5,200.5,3.387,0.378,0.546
2:40h,C. glacialis,C. glacialis C5,C5,206.5,3.384,0.416,0.658
2:40h,C. glacialis,C. glacialis C5,C5,211.5,3.231,0.383,0.701
2:40h,C. glacialis,C. glacialis C5,C5,215.5,3.231,0.373,0.691
2:40h,C. glacialis,C. glacialis C5,C5,220.5,3.156,0.416,0.617
2:40h,C. glacialis,C. glacialis C5,C5,225.5,3.214,0.417,0.633
2:40h,C. glacialis,C. glacialis C5,C5,230.5,3.332,0.431,0.689
2:40h,C. glacialis,C. glacialis C5,C5,233.5,3.416,0.402,0.655
2:40h,C. glacialis,C. glacialis C5,C5,239.5,3.303,0.423,0.684
2:40h,C. glacialis,C. glacialis C5,C5,241.5,3.453,0.414,0.564
2:40h,C. glacialis,C. glacialis C5,C5,248.5,3.523,0.416,0.689
2:40h,C. glacialis,C. glacialis C5,C5,252.5,3.341,0.395,0.586
2:40h,C. glacialis,C. glacialis C5,C5,258.5,3.373,0.426,0.617
2:40h,C. glacialis,C. glacialis C5,C5,261.5,3.274,0.415,0.71
2:40h,C. glacialis,C. glacialis C5,C5,265.5,3.208,0.397,0.647
18:45h,C. glacialis,C. glacialis C4,C4,19.5,2.453,0.136,0.418
18:45h,C. glacialis,C. glacialis C4,C4,34.5,2.485,0.167,0.431
18:45h,C. glacialis,C. glacialis C4,C4,49.5,2.152,0.164,0.42
18:45h,C. glacialis,C. glacialis C4,C4,54.5,2.648,0.178,0.451
18:45h,C. glacialis,C. glacialis C4,C4,59.5,2.366,0.161,0.458
18:45h,C. glacialis,C. glacialis C4,C4,63.5,2.676,0.174,0.491
18:45h,C. glacialis,C. glacialis C4,C4,70.5,2.632,0.154,0.447
18:45h,C. glacialis,C. glacialis C4,C4,79.5,2.596,0.132,0.421
18:45h,C. glacialis,C. glacialis C4,C4,84.5,2.601,0.151,0.446
18:45h,C. glacialis,C. glacialis C4,C4,103.5,2.419,0.151,0.445
18:45h,C. glacialis,C. glacialis C4,C4,113.5,2.485,0.138,0.445
18:45h,C. glacialis,C. glacialis C4,C4,123.5,2.553,0.142,0.424
18:45h,C. glacialis,C. glacialis C4,C4,129.5,2.527,0.152,0.417
18:45h,C. glacialis,C. glacialis C4,C4,131.5,2.631,0.142,0.409
18:45h,C. glacialis,C. glacialis C4,C4,138.5,2.632,0.191,0.425
18:45h,C. glacialis,C. glacialis C4,C4,143.5,2.517,0.143,0.435
18:45h,C. glacialis,C. glacialis C4,C4,153.5,2.443,0.177,0.437
18:45h,C. glacialis,C. glacialis C4,C4,166.5,2.509,0.195,0.438
18:45h,C. glacialis,C. glacialis C4,C4,168.5,2.534,0.187,0.434
18:45h,C. glacialis,C. glacialis C4,C4,171.5,2.547,0.177,0.446
18:45h,C. glacialis,C. glacialis C4,C4,176.5,2.422,0.157,0.463
18:45h,C. glacialis,C. glacialis C4,C4,182.5,2.502,0.174,0.411
18:45h,C. glacialis,C. glacialis C4,C4,183.5,2.643,0.149,0.428
18:45h,C. glacialis,C. glacialis C4,C4,200.5,2.499,0.188,0.445
18:45h,C. glacialis,C. glacialis C4,C4,207.5,2.633,0.146,0.414
18:45h,C. glacialis,C. glacialis C4,C4,211.5,2.549,0.173,0.451
18:45h,C. glacialis,C. glacialis C4,C4,215.5,2.704,0.157,0.415
18:45h,C. glacialis,C. glacialis C4,C4,216.5,2.615,0.135,0.442
18:45h,C. glacialis,C. glacialis C4,C4,221.5,2.385,0.171,0.451
18:45h,C. glacialis,C. glacialis C4,C4,229.5,2.541,0.187,0.438
18:45h,C. glacialis,C. glacialis C4,C4,242.5,2.499,0.174,0.494
18:45h,C. glacialis,C. glacialis C4,C4,246.5,2.697,0.174,0.487
18:45h,C. glacialis,C. glacialis C4,C4,251.5,2.532,0.181,0.437
18:45h,C. glacialis,C. glacialis C4,C4,262.5,2.688,0.199,0.421
18:45h,C. glacialis,C. glacialis C4,C4,275.5,2.558,0.191,0.494
18:45h,C. glacialis,C. glacialis C4,C4,282.5,2.582,0.193,0.459
18:45h,C. glacialis,C. glacialis C4,C4,286.5,2.562,0.185,0.484
18:45h,C. glacialis,C. glacialis C4,C4,295.5,2.613,0.181,0.435
18:45h,C. glacialis,C. glacialis C4,C4,301.5,2.524,0.194,0.442
18:45h,C. glacialis,C. glacialis C4,C4,303.5,2.496,0.189,0.442
18:45h,C. glacialis,C. glacialis C4,C4,316.5,2.558,0.194,0.554
18:45h,C. glacialis,C. glacialis C4,C4,317.5,2.431,0.235,0.468
18:45h,C. glacialis,C. glacialis C4,C4,324.5,2.504,0.198,0.441
18:45h,C. glacialis,C. glacialis C4,C4,336.5,2.468,0.213,0.496
18:45h,C. glacialis,C. glacialis C4,C4,101.5,2.588,0.185,0.493
18:45h,C. glacialis,C. glacialis C4,C4,104.5,2.675,0.186,0.446
18:45h,C. glacialis,C. glacialis C4,C4,95.5,2.473,0.231,0.485
18:45h,C. glacialis,C. glacialis C4,C4,98.5,2.628,0.194,0.468
18:45h,C. glacialis,C. glacialis C4,C4,92.5,2.465,0.221,0.437
18:45h,C. glacialis,C. glacialis C4,C4,117.5,2.274,0.164,0.401
2:40h,C. glacialis,C. glacialis C4,C4,17.5,2.508,0.151,0.401
2:40h,C. glacialis,C. glacialis C4,C4,20.5,2.667,0.168,0.386
2:40h,C. glacialis,C. glacialis C4,C4,28.5,2.603,0.152,0.393
2:40h,C. glacialis,C. glacialis C4,C4,33.5,2.553,0.163,0.339
2:40h,C. glacialis,C. glacialis C4,C4,41.5,2.563,0.149,0.337
2:40h,C. glacialis,C. glacialis C4,C4,43.5,2.665,0.165,0.319
2:40h,C. glacialis,C. glacialis C4,C4,44.5,2.638,0.126,0.356
2:40h,C. glacialis,C. glacialis C4,C4,46.5,2.529,0.149,0.303
2:40h,C. glacialis,C. glacialis C4,C4,48.5,2.708,0.163,0.377
2:40h,C. glacialis,C. glacialis C4,C4,49.5,2.485,0.152,0.358
2:40h,C. glacialis,C. glacialis C4,C4,50.5,2.541,0.175,0.366
2:40h,C. glacialis,C. glacialis C4,C4,54.5,2.616,0.161,0.441
2:40h,C. glacialis,C. glacialis C4,C4,59.5,2.586,0.147,0.391
2:40h,C. glacialis,C. glacialis C4,C4,66.5,2.594,0.143,0.382
2:40h,C. glacialis,C. glacialis C4,C4,68.5,2.476,0.155,0.391
2:40h,C. glacialis,C. glacialis C4,C4,69.5,2.566,0.154,0.359
2:40h,C. glacialis,C. glacialis C4,C4,72.5,2.491,0.165,0.371
2:40h,C. glacialis,C. glacialis C4,C4,76.5,2.469,0.174,0.366
2:40h,C. glacialis,C. glacialis C4,C4,80.5,2.586,0.175,0.389
2:40h,C. glacialis,C. glacialis C4,C4,81.5,2.521,0.175,0.401
2:40h,C. glacialis,C. glacialis C4,C4,87.5,2.52,0.172,0.379
2:40h,C. glacialis,C. glacialis C4,C4,88.5,2.571,0.176,0.366
2:40h,C. glacialis,C. glacialis C4,C4,95.5,2.577,0.186,0.391
2:40h,C. glacialis,C. glacialis C4,C4,96.5,2.575,0.186,0.376
2:40h,C. glacialis,C. glacialis C4,C4,97.5,2.522,0.178,0.377
2:40h,C. glacialis,C. glacialis C4,C4,104.5,2.487,0.165,0.429
2:40h,C. glacialis,C. glacialis C4,C4,107.5,2.632,0.156,0.441
2:40h,C. glacialis,C. glacialis C4,C4,110.5,2.516,0.183,0.411
2:40h,C. glacialis,C. glacialis C4,C4,119.5,2.476,0.184,0.412
2:40h,C. glacialis,C. glacialis C4,C4,121.5,2.424,0.152,0.378
2:40h,C. glacialis,C. glacialis C4,C4,123.5,2.683,0.165,0.381
2:40h,C. glacialis,C. glacialis C4,C4,128.5,2.571,0.186,0.441
2:40h,C. glacialis,C. glacialis C4,C4,136.5,2.618,0.139,0.446
2:40h,C. glacialis,C. glacialis C4,C4,139.5,2.638,0.109,0.479
2:40h,C. glacialis,C. glacialis C4,C4,145.5,2.708,0.149,0.317
2:40h,C. glacialis,C. glacialis C4,C4,155.5,2.515,0.156,0.459
2:40h,C. glacialis,C. glacialis C4,C4,159.5,2.621,0.165,0.377
2:40h,C. glacialis,C. glacialis C4,C4,174.5,2.576,0.179,0.379
2:40h,C. glacialis,C. glacialis C4,C4,182.5,2.526,0.198,0.501
2:40h,C. glacialis,C. glacialis C4,C4,186.5,2.664,0.165,0.419
2:40h,C. glacialis,C. glacialis C4,C4,191.5,2.466,0.176,0.471
2:40h,C. glacialis,C. glacialis C4,C4,194.5,2.526,0.151,0.478
2:40h,C. glacialis,C. glacialis C4,C4,204.5,2.581,0.161,0.459
2:40h,C. glacialis,C. glacialis C4,C4,207.5,2.509,0.156,0.437
2:40h,C. glacialis,C. glacialis C4,C4,225.5,2.511,0.162,0.469
2:40h,C. glacialis,C. glacialis C4,C4,238.5,2.581,0.199,0.434
2:40h,C. glacialis,C. glacialis C4,C4,28.5,2.482,0.124,0.486
2:40h,C. glacialis,C. glacialis C4,C4,37.5,2.553,0.141,0.483
2:40h,C. glacialis,C. glacialis C4,C4,25.5,2.597,0.141,0.415
2:40h,C. glacialis,C. glacialis C4,C4,2.5,2.515,0.103,0.401
18:45h,C. glacialis,C. glacialis F,F,208.5,4.641,0.515,0.751
18:45h,C. glacialis,C. glacialis F,F,213.5,4.652,0.491,0.729
18:45h,C. glacialis,C. glacialis F,F,226.5,4.623,0.507,0.784
18:45h,C. glacialis,C. glacialis F,F,236.5,4.571,0.471,0.701
18:45h,C. glacialis,C. glacialis F,F,238.5,4.531,0.512,0.741
18:45h,C. glacialis,C. glacialis F,F,245.5,4.594,0.466,0.813
18:45h,C. glacialis,C. glacialis F,F,249.5,4.502,0.498,0.797
18:45h,C. glacialis,C. glacialis F,F,251.5,4.583,0.491,0.758
18:45h,C. glacialis,C. glacialis F,F,274.5,4.421,0.511,0.839
18:45h,C. glacialis,C. glacialis F,F,276.5,4.487,0.512,0.865
18:45h,C. glacialis,C. glacialis F,F,278.5,4.531,0.547,0.845
18:45h,C. glacialis,C. glacialis F,F,279.5,4.487,0.522,0.863
18:45h,C. glacialis,C. glacialis F,F,283.5,4.476,0.505,0.822
18:45h,C. glacialis,C. glacialis F,F,287.5,4.407,0.545,0.795
18:45h,C. glacialis,C. glacialis F,F,290.5,4.531,0.547,0.795
18:45h,C. glacialis,C. glacialis F,F,296.5,4.564,0.517,0.741
18:45h,C. glacialis,C. glacialis F,F,306.5,4.519,0.523,0.841
18:45h,C. glacialis,C. glacialis F,F,309.5,4.666,0.511,0.765
18:45h,C. glacialis,C. glacialis F,F,316.5,4.401,0.571,0.819
18:45h,C. glacialis,C. glacialis F,F,320.5,4.412,0.498,0.781
18:45h,C. glacialis,C. glacialis F,F,324.5,4.643,0.529,0.729
18:45h,C. glacialis,C. glacialis F,F,331.5,4.519,0.549,0.862
18:45h,C. glacialis,C. glacialis F,F,333.5,4.571,0.534,0.773
18:45h,C. glacialis,C. glacialis F,F,336.5,4.581,0.552,0.791
18:45h,C. glacialis,C. glacialis F,F,339.5,4.615,0.531,0.785
2:40h,C. glacialis,C. glacialis F,F,190.5,4.43,0.491,0.751
2:40h,C. glacialis,C. glacialis F,F,191.5,4.638,0.523,0.761
2:40h,C. glacialis,C. glacialis F,F,197.5,4.551,0.527,0.789
2:40h,C. glacialis,C. glacialis F,F,207.5,4.499,0.479,0.821
2:40h,C. glacialis,C. glacialis F,F,210.5,4.528,0.527,0.814
2:40h,C. glacialis,C. glacialis F,F,211.5,4.645,0.516,0.769
2:40h,C. glacialis,C. glacialis F,F,214.5,4.439,0.547,0.841
2:40h,C. glacialis,C. glacialis F,F,218.5,4.473,0.499,0.795
2:40h,C. glacialis,C. glacialis F,F,222.5,4.491,0.552,0.854
2:40h,C. glacialis,C. glacialis F,F,224.5,4.513,0.567,0.791
2:40h,C. glacialis,C. glacialis F,F,234.5,4.456,0.501,0.814
2:40h,C. glacialis,C. glacialis F,F,239.5,4.545,0.582,0.811
2:40h,C. glacialis,C. glacialis F,F,245.5,4.666,0.548,0.827
2:40h,C. glacialis,C. glacialis F,F,258.5,4.453,0.524,0.839
2:40h,C. glacialis,C. glacialis F,F,260.5,4.453,0.559,0.831
2:40h,C. glacialis,C. glacialis F,F,262.5,4.539,0.524,0.791
2:40h,C. glacialis,C. glacialis F,F,265.5,4.525,0.549,0.815
18:45h,M. longa,M. longa C5,C5,13.5,1.945,0.011,0.088
18:45h,M. longa,M. longa C5,C5,20.5,1.855,0.014,0.109
18:45h,M. longa,M. longa C5,C5,20.5,1.851,0.014,0.104
18:45h,M. longa,M. longa C5,C5,24.5,1.765,0.014,0.171
18:45h,M. longa,M. longa C5,C5,26.5,2.015,0.013,0.102
18:45h,M. longa,M. longa C5,C5,27.5,1.772,0.012,0.159
18:45h,M. longa,M. longa C5,C5,43.5,1.913,0.009,0.097
18:45h,M. longa,M. longa C5,C5,46.5,1.872,0.014,0.136
18:45h,M. longa,M. longa C5,C5,47.5,1.881,0.014,0.134
18:45h,M. longa,M. longa C5,C5,51.5,2.049,0.015,0.098
18:45h,M. longa,M. longa C5,C5,54.5,1.883,0.015,0.183
18:45h,M. longa,M. longa C5,C5,56.5,1.781,0.012,0.082
18:45h,M. longa,M. longa C5,C5,73.5,1.847,0.014,0.118
18:45h,M. longa,M. longa C5,C5,74.5,1.967,0.013,0.136
18:45h,M. longa,M. longa C5,C5,75.5,1.696,0.014,0.211
18:45h,M. longa,M. longa C5,C5,76.5,2.042,0.012,0.164
18:45h,M. longa,M. longa C5,C5,80.5,1.924,0.014,0.151
18:45h,M. longa,M. longa C5,C5,83.5,1.782,0.014,0.092
18:45h,M. longa,M. longa C5,C5,86.5,1.729,0.014,0.101
18:45h,M. longa,M. longa C5,C5,96.5,1.989,0.013,0.166
18:45h,M. longa,M. longa C5,C5,100.5,1.937,0.012,0.118
18:45h,M. longa,M. longa C5,C5,101.5,1.828,0.016,0.123
18:45h,M. longa,M. longa C5,C5,103.5,1.689,0.013,0.116
18:45h,M. longa,M. longa C5,C5,112.5,1.987,0.012,0.081
18:45h,M. longa,M. longa C5,C5,114.5,1.827,0.014,0.192
18:45h,M. longa,M. longa C5,C5,117.5,1.902,0.014,0.133
18:45h,M. longa,M. longa C5,C5,129.5,1.827,0.012,0.218
18:45h,M. longa,M. longa C5,C5,132.5,1.805,0.016,0.082
18:45h,M. longa,M. longa C5,C5,133.5,1.797,0.014,0.109
18:45h,M. longa,M. longa C5,C5,136.5,1.831,0.011,0.146
18:45h,M. longa,M. longa C5,C5,141.5,1.893,0.012,0.119
18:45h,M. longa,M. longa C5,C5,143.5,1.925,0.016,0.085
18:45h,M. longa,M. longa C5,C5,148.5,1.746,0.014,0.084
18:45h,M. longa,M. longa C5,C5,152.5,1.828,0.015,0.102
18:45h,M. longa,M. longa C5,C5,156.5,1.723,0.016,0.104
18:45h,M. longa,M. longa C5,C5,157.5,1.862,0.014,0.059
18:45h,M. longa,M. longa C5,C5,159.5,1.768,0.015,0.117
18:45h,M. longa,M. longa C5,C5,162.5,1.955,0.015,0.135
18:45h,M. longa,M. longa C5,C5,167.5,1.784,0.016,0.137
18:45h,M. longa,M. longa C5,C5,185.5,1.924,0.018,0.125
18:45h,M. longa,M. longa C5,C5,189.5,1.712,0.016,0.103
18:45h,M. longa,M. longa C5,C5,191.5,1.703,0.015,0.114
18:45h,M. longa,M. longa C5,C5,200.5,1.875,0.015,0.116
18:45h,M. longa,M. longa C5,C5,211.5,1.794,0.014,0.164
18:45h,M. longa,M. longa C5,C5,217.5,2.003,0.018,0.219
18:45h,M. longa,M. longa C5,C5,230.5,1.893,0.015,0.154
18:45h,M. longa,M. longa C5,C5,245.5,1.918,0.014,0.155
18:45h,M. longa,M. longa C5,C5,250.5,1.872,0.016,0.096
18:45h,M. longa,M. longa C5,C5,271.5,1.939,0.015,0.093
18:45h,M. longa,M. longa C5,C5,279.5,1.889,0.016,0.141
18:45h,M. longa,M. longa C5,C5,283.5,1.703,0.017,0.091
2:40h,M. longa,M. longa C5,C5,0.5,1.957,0.014,0.108
2:40h,M. longa,M. longa C5,C5,9.5,1.804,0.012,0.139
2:40h,M. longa,M. longa C5,C5,16.5,1.681,0.012,0.074
2:40h,M. longa,M. longa C5,C5,17.5,1.821,0.015,0.137
2:40h,M. longa,M. longa C5,C5,18.5,1.656,0.011,0.062
2:40h,M. longa,M. longa C5,C5,22.5,1.774,0.013,0.079
2:40h,M. longa,M. longa C5,C5,27.5,1.822,0.013,0.102
2:40h,M. longa,M. longa C5,C5,33.5,1.846,0.014,0.144
2:40h,M. longa,M. longa C5,C5,37.5,1.693,0.012,0.077
2:40h,M. longa,M. longa C5,C5,38.5,2.003,0.015,0.127
2:40h,M. longa,M. longa C5,C5,43.5,2.003,0.013,0.131
2:40h,M. longa,M. longa C5,C5,44.5,1.761,0.013,0.065
2:40h,M. longa,M. longa C5,C5,48.5,1.763,0.012,0.118
2:40h,M. longa,M. longa C5,C5,49.5,1.854,0.014,0.089
2:40h,M. longa,M. longa C5,C5,55.5,1.618,0.012,0.016
2:40h,M. longa,M. longa C5,C5,58.5,1.693,0.012,0.017
2:40h,M. longa,M. longa C5,C5,61.5,1.745,0.013,0.139
2:40h,M. longa,M. longa C5,C5,73.5,1.392,0.011,0.111
2:40h,M. longa,M. longa C5,C5,78.5,2.008,0.014,0.101
2:40h,M. longa,M. longa C5,C5,82.5,1.586,0.013,0.168
2:40h,M. longa,M. longa C5,C5,83.5,2.036,0.012,0.136
2:40h,M. longa,M. longa C5,C5,88.5,1.982,0.011,0.153
2:40h,M. longa,M. longa C5,C5,100.5,2.006,0.014,0.084
2:40h,M. longa,M. longa C5,C5,105.5,1.988,0.014,0.085
2:40h,M. longa,M. longa C5,C5,106.5,1.709,0.015,0.155
2:40h,M. longa,M. longa C5,C5,108.5,1.705,0.013,0.095
2:40h,M. longa,M. longa C5,C5,123.5,1.853,0.013,0.112
2:40h,M. longa,M. longa C5,C5,123.5,1.817,0.014,0.078
2:40h,M. longa,M. longa C5,C5,123.5,1.981,0.012,0.069
2:40h,M. longa,M. longa C5,C5,123.5,1.92,0.013,0.128
2:40h,M. longa,M. longa C5,C5,152.5,1.677,0.011,0.118
2:40h,M. longa,M. longa C5,C5,159.5,1.653,0.014,0.123
2:40h,M. longa,M. longa C5,C5,160.5,1.819,0.014,0.163
2:40h,M. longa,M. longa C5,C5,171.5,1.734,0.016,0.149
2:40h,M. longa,M. longa C5,C5,178.5,1.847,0.014,0.113
2:40h,M. longa,M. longa C5,C5,184.5,1.612,0.016,0.165
2:40h,M. longa,M. longa C5,C5,186.5,1.812,0.015,0.185
2:40h,M. longa,M. longa C5,C5,186.5,1.893,0.016,0.131
2:40h,M. longa,M. longa C5,C5,186.5,1.749,0.015,0.089
2:40h,M. longa,M. longa C5,C5,206.5,2.023,0.015,0.079
2:40h,M. longa,M. longa C5,C5,209.5,1.859,0.016,0.068
2:40h,M. longa,M. longa C5,C5,209.5,1.934,0.018,0.091
2:40h,M. longa,M. longa C5,C5,209.5,1.945,0.015,0.131
2:40h,M. longa,M. longa C5,C5,209.5,1.645,0.018,0.138
2:40h,M. longa,M. longa C5,C5,265.5,1.821,0.016,0.169
2:40h,M. longa,M. longa C5,C5,265.5,1.719,0.017,0.087
2:40h,M. longa,M. longa C5,C5,265.5,2.107,0.016,0.148
2:40h,M. longa,M. longa C5,C5,265.5,1.792,0.016,0.123
2:40h,M. longa,M. longa C5,C5,265.5,1.898,0.018,0.106
18:45h,M. longa,M. longa F,F,20.5,2.853,0.092,0.365
18:45h,M. longa,M. longa F,F,20.5,2.905,0.105,0.366
18:45h,M. longa,M. longa F,F,24.5,2.492,0.107,0.373
18:45h,M. longa,M. longa F,F,26.5,3.078,0.084,0.366
18:45h,M. longa,M. longa F,F,27.5,2.726,0.083,0.379
18:45h,M. longa,M. longa F,F,33.5,3.046,0.086,0.385
18:45h,M. longa,M. longa F,F,36.5,3.052,0.097,0.395
18:45h,M. longa,M. longa F,F,38.5,3.006,0.087,0.346
18:45h,M. longa,M. longa F,F,44.5,3.02,0.171,0.357
18:45h,M. longa,M. longa F,F,51.5,2.859,0.092,0.358
18:45h,M. longa,M. longa F,F,53.5,2.905,0.081,0.348
18:45h,M. longa,M. longa F,F,55.5,2.893,0.083,0.319
18:45h,M. longa,M. longa F,F,56.5,2.867,0.086,0.394
18:45h,M. longa,M. longa F,F,65.5,3.061,0.098,0.387
18:45h,M. longa,M. longa F,F,67.5,3.011,0.011,0.342
18:45h,M. longa,M. longa F,F,72.5,2.867,0.094,0.329
18:45h,M. longa,M. longa F,F,76.5,2.833,0.102,0.341
18:45h,M. longa,M. longa F,F,79.5,2.899,0.098,0.396
18:45h,M. longa,M. longa F,F,83.5,2.934,0.092,0.365
18:45h,M. longa,M. longa F,F,84.5,2.957,0.085,0.335
18:45h,M. longa,M. longa F,F,86.5,2.792,0.101,0.318
18:45h,M. longa,M. longa F,F,96.5,2.942,0.096,0.374
18:45h,M. longa,M. longa F,F,100.5,3.003,0.101,0.352
18:45h,M. longa,M. longa F,F,103.5,2.939,0.094,0.387
18:45h,M. longa,M. longa F,F,106.5,3.023,0.084,0.342
18:45h,M. longa,M. longa F,F,107.5,2.939,0.108,0.369
18:45h,M. longa,M. longa F,F,114.5,3.064,0.103,0.405
18:45h,M. longa,M. longa F,F,121.5,3.035,0.095,0.348
18:45h,M. longa,M. longa F,F,126.5,2.755,0.099,0.343
18:45h,M. longa,M. longa F,F,129.5,2.971,0.092,0.344
18:45h,M. longa,M. longa F,F,132.5,2.919,0.099,0.328
18:45h,M. longa,M. longa F,F,133.5,3.127,0.1,0.284
18:45h,M. longa,M. longa F,F,136.5,2.922,0.096,0.398
18:45h,M. longa,M. longa F,F,141.5,3.038,0.071,0.385
18:45h,M. longa,M. longa F,F,145.5,2.908,0.107,0.344
18:45h,M. longa,M. longa F,F,158.5,2.942,0.117,0.423
18:45h,M. longa,M. longa F,F,163.5,2.922,0.092,0.304
18:45h,M. longa,M. longa F,F,167.5,2.963,0.091,0.343
18:45h,M. longa,M. longa F,F,176.5,2.864,0.113,0.357
18:45h,M. longa,M. longa F,F,178.5,2.916,0.114,0.414
18:45h,M. longa,M. longa F,F,191.5,2.908,0.082,0.415
18:45h,M. longa,M. longa F,F,204.5,2.801,0.089,0.338
18:45h,M. longa,M. longa F,F,211.5,2.934,0.096,0.392
18:45h,M. longa,M. longa F,F,212.5,2.908,0.093,0.373
18:45h,M. longa,M. longa F,F,218.5,2.948,0.088,0.389
18:45h,M. longa,M. longa F,F,221.5,3.015,0.099,0.348
18:45h,M. longa,M. longa F,F,252.5,2.853,0.063,0.325
18:45h,M. longa,M. longa F,F,254.5,2.968,0.103,0.373
18:45h,M. longa,M. longa F,F,271.5,2.885,0.117,0.366
18:45h,M. longa,M. longa F,F,274.5,2.714,0.113,0.301
2:40h,M. longa,M. longa F,F,0.5,2.948,0.092,0.312
2:40h,M. longa,M. longa F,F,6.5,3.091,0.091,0.295
2:40h,M. longa,M. longa F,F,8.5,2.963,0.105,0.332
2:40h,M. longa,M. longa F,F,9.5,2.913,0.094,0.383
2:40h,M. longa,M. longa F,F,14.5,3.003,0.092,0.388
2:40h,M. longa,M. longa F,F,17.5,3.023,0.112,0.291
2:40h,M. longa,M. longa F,F,19.5,3.038,0.104,0.34
2:40h,M. longa,M. longa F,F,22.5,2.96,0.085,0.377
2:40h,M. longa,M. longa F,F,26.5,3.058,0.081,0.357
2:40h,M. longa,M. longa F,F,30.5,2.905,0.099,0.351
2:40h,M. longa,M. longa F,F,32.5,2.971,0.086,0.343
2:40h,M. longa,M. longa F,F,35.5,2.986,0.092,0.348
2:40h,M. longa,M. longa F,F,38.5,2.986,0.091,0.342
2:40h,M. longa,M. longa F,F,41.5,2.974,0.087,0.343
2:40h,M. longa,M. longa F,F,43.5,2.856,0.121,0.407
2:40h,M. longa,M. longa F,F,44.5,2.916,0.088,0.345
2:40h,M. longa,M. longa F,F,48.5,2.931,0.099,0.329
2:40h,M. longa,M. longa F,F,51.5,2.859,0.109,0.378
2:40h,M. longa,M. longa F,F,53.5,2.962,0.081,0.381
2:40h,M. longa,M. longa F,F,54.5,2.911,0.117,0.429
2:40h,M. longa,M. longa F,F,58.5,2.873,0.089,0.396
2:40h,M. longa,M. longa F,F,68.5,2.984,0.097,0.366
2:40h,M. longa,M. longa F,F,69.5,2.997,0.099,0.359
2:40h,M. longa,M. longa F,F,78.5,2.945,0.081,0.321
2:40h,M. longa,M. longa F,F,80.5,2.902,0.111,0.332
2:40h,M. longa,M. longa F,F,82.5,2.871,0.094,0.341
2:40h,M. longa,M. longa F,F,83.5,3.012,0.075,0.369
2:40h,M. longa,M. longa F,F,88.5,2.916,0.092,0.346
2:40h,M. longa,M. longa F,F,100.5,2.856,0.094,0.389
2:40h,M. longa,M. longa F,F,105.5,2.864,0.133,0.394
2:40h,M. longa,M. longa F,F,106.5,3.023,0.114,0.396
2:40h,M. longa,M. longa F,F,108.5,2.975,0.101,0.358
2:40h,M. longa,M. longa F,F,119.5,3.038,0.094,0.353
2:40h,M. longa,M. longa F,F,126.5,3.01,0.099,0.351
2:40h,M. longa,M. longa F,F,139.5,3.078,0.094,0.358
2:40h,M. longa,M. longa F,F,151.5,2.935,0.106,0.396
2:40h,M. longa,M. longa F,F,160.5,3.009,0.089,0.369
2:40h,M. longa,M. longa F,F,168.5,2.946,0.101,0.347
2:40h,M. longa,M. longa F,F,186.5,2.956,0.094,0.383
2:40h,M. longa,M. longa F,F,190.5,3.004,0.107,0.325
2:40h,M. longa,M. longa F,F,193.5,2.876,0.098,0.357
2:40h,M. longa,M. longa F,F,196.5,2.866,0.103,0.392
2:40h,M. longa,M. longa F,F,201.5,2.921,0.121,0.299
2:40h,M. longa,M. longa F,F,204.5,2.879,0.102,0.363
2:40h,M. longa,M. longa F,F,206.5,2.901,0.108,0.369
2:40h,M. longa,M. longa F,F,209.5,2.951,0.105,0.381
2:40h,M. longa,M. longa F,F,212.5,2.891,0.108,0.412
2:40h,M. longa,M. longa F,F,229.5,2.992,0.109,0.318
2:40h,M. longa,M. longa F,F,243.5,3.027,0.123,0.378
2:40h,M. longa,M. longa F,F,245.5,2.915,0.102,0.355
18:45h,C. hyperboreus,C. hyperboreus C4,C4,1.5,3.902,0.541,0.457
18:45h,C. hyperboreus,C. hyperboreus C4,C4,12.5,4.061,0.511,0.425
18:45h,C. hyperboreus,C. hyperboreus C4,C4,19.5,4.179,0.557,0.471
18:45h,C. hyperboreus,C. hyperboreus C4,C4,21.5,4.418,0.521,0.415
18:45h,C. hyperboreus,C. hyperboreus C4,C4,24.5,4.458,0.514,0.456
18:45h,C. hyperboreus,C. hyperboreus C4,C4,38.5,4.422,0.556,0.507
18:45h,C. hyperboreus,C. hyperboreus C4,C4,47.5,4.184,0.581,0.475
18:45h,C. hyperboreus,C. hyperboreus C4,C4,54.5,4.071,0.661,0.467
18:45h,C. hyperboreus,C. hyperboreus C4,C4,60.5,4.105,0.646,0.395
18:45h,C. hyperboreus,C. hyperboreus C4,C4,70.5,4.215,0.546,0.459
18:45h,C. hyperboreus,C. hyperboreus C4,C4,73.5,4.502,0.624,0.464
18:45h,C. hyperboreus,C. hyperboreus C4,C4,76.5,4.325,0.595,0.469
18:45h,C. hyperboreus,C. hyperboreus C4,C4,82.5,4.334,0.614,0.407
18:45h,C. hyperboreus,C. hyperboreus C4,C4,88.5,4.158,0.611,0.436
18:45h,C. hyperboreus,C. hyperboreus C4,C4,95.5,4.343,0.568,0.458
18:45h,C. hyperboreus,C. hyperboreus C4,C4,106.5,4.134,0.526,0.429
18:45h,C. hyperboreus,C. hyperboreus C4,C4,112.5,4.281,0.581,0.468
18:45h,C. hyperboreus,C. hyperboreus C4,C4,123.5,4.048,0.592,0.441
18:45h,C. hyperboreus,C. hyperboreus C4,C4,132.5,4.242,0.603,0.421
18:45h,C. hyperboreus,C. hyperboreus C4,C4,139.5,4.313,0.496,0.401
18:45h,C. hyperboreus,C. hyperboreus C4,C4,144.5,4.171,0.521,0.425
18:45h,C. hyperboreus,C. hyperboreus C4,C4,157.5,4.184,0.437,0.351
18:45h,C. hyperboreus,C. hyperboreus C4,C4,160.5,3.973,0.651,0.417
18:45h,C. hyperboreus,C. hyperboreus C4,C4,166.5,4.321,0.524,0.389
18:45h,C. hyperboreus,C. hyperboreus C4,C4,178.5,4.184,0.582,0.441
18:45h,C. hyperboreus,C. hyperboreus C4,C4,182.5,4.286,0.634,0.456
18:45h,C. hyperboreus,C. hyperboreus C4,C4,197.5,4.427,0.499,0.394
18:45h,C. hyperboreus,C. hyperboreus C4,C4,201.5,4.189,0.669,0.485
18:45h,C. hyperboreus,C. hyperboreus C4,C4,211.5,3.872,0.538,0.493
18:45h,C. hyperboreus,C. hyperboreus C4,C4,217.5,4.141,0.539,0.464
18:45h,C. hyperboreus,C. hyperboreus C4,C4,239.5,4.031,0.584,0.445
18:45h,C. hyperboreus,C. hyperboreus C4,C4,242.5,4.358,0.652,0.504
18:45h,C. hyperboreus,C. hyperboreus C4,C4,248.5,4.458,0.639,0.491
18:45h,C. hyperboreus,C. hyperboreus C4,C4,254.5,4.522,0.672,0.562
18:45h,C. hyperboreus,C. hyperboreus C4,C4,257.5,4.094,0.562,0.574
18:45h,C. hyperboreus,C. hyperboreus C4,C4,265.5,4.117,0.568,0.399
18:45h,C. hyperboreus,C. hyperboreus C4,C4,273.5,4.045,0.536,0.349
18:45h,C. hyperboreus,C. hyperboreus C4,C4,277.5,4.305,0.568,0.476
18:45h,C. hyperboreus,C. hyperboreus C4,C4,285.5,4.482,0.664,0.457
18:45h,C. hyperboreus,C. hyperboreus C4,C4,294.5,4.265,0.672,0.552
18:45h,C. hyperboreus,C. hyperboreus C4,C4,300.5,4.434,0.564,0.401
18:45h,C. hyperboreus,C. hyperboreus C4,C4,304.5,4.148,0.647,0.536
18:45h,C. hyperboreus,C. hyperboreus C4,C4,306.5,4.313,0.615,0.477
18:45h,C. hyperboreus,C. hyperboreus C4,C4,309.5,4.018,0.612,0.474
18:45h,C. hyperboreus,C. hyperboreus C4,C4,316.5,4.251,0.584,0.593
18:45h,C. hyperboreus,C. hyperboreus C4,C4,319.5,4.018,0.664,0.451
18:45h,C. hyperboreus,C. hyperboreus C4,C4,324.5,4.162,0.547,0.361
18:45h,C. hyperboreus,C. hyperboreus C4,C4,328.5,4.273,0.664,0.517
18:45h,C. hyperboreus,C. hyperboreus C4,C4,338.5,4.071,0.584,0.446
18:45h,C. hyperboreus,C. hyperboreus C4,C4,340.5,4.124,0.567,0.373
18:45h,C. hyperboreus,C. hyperboreus C4,C4,343.5,3.963,0.573,0.531
2:40h,C. hyperboreus,C. hyperboreus C4,C4,4.5,4.241,0.466,0.399
2:40h,C. hyperboreus,C. hyperboreus C4,C4,9.5,4.204,0.496,0.504
2:40h,C. hyperboreus,C. hyperboreus C4,C4,16.5,4.206,0.449,0.364
2:40h,C. hyperboreus,C. hyperboreus C4,C4,19.5,4.377,0.486,0.472
2:40h,C. hyperboreus,C. hyperboreus C4,C4,22.5,4.169,0.469,0.423
2:40h,C. hyperboreus,C. hyperboreus C4,C4,23.5,3.892,0.461,0.415
2:40h,C. hyperboreus,C. hyperboreus C4,C4,26.5,4.151,0.533,0.523
2:40h,C. hyperboreus,C. hyperboreus C4,C4,30.5,4.091,0.541,0.526
2:40h,C. hyperboreus,C. hyperboreus C4,C4,32.5,4.328,0.411,0.359
2:40h,C. hyperboreus,C. hyperboreus C4,C4,36.5,4.558,0.443,0.402
2:40h,C. hyperboreus,C. hyperboreus C4,C4,38.5,4.512,0.511,0.446
2:40h,C. hyperboreus,C. hyperboreus C4,C4,43.5,4.024,0.511,0.418
2:40h,C. hyperboreus,C. hyperboreus C4,C4,47.5,4.015,0.561,0.509
2:40h,C. hyperboreus,C. hyperboreus C4,C4,55.5,4.015,0.491,0.482
2:40h,C. hyperboreus,C. hyperboreus C4,C4,57.5,4.325,0.515,0.401
2:40h,C. hyperboreus,C. hyperboreus C4,C4,58.5,4.582,0.466,0.395
2:40h,C. hyperboreus,C. hyperboreus C4,C4,66.5,4.325,0.526,0.421
2:40h,C. hyperboreus,C. hyperboreus C4,C4,72.5,4.444,0.594,0.521
2:40h,C. hyperboreus,C. hyperboreus C4,C4,78.5,4.058,0.514,0.476
2:40h,C. hyperboreus,C. hyperboreus C4,C4,88.5,4.393,0.512,0.442
2:40h,C. hyperboreus,C. hyperboreus C4,C4,99.5,4.037,0.524,0.408
2:40h,C. hyperboreus,C. hyperboreus C4,C4,108.5,4.171,0.645,0.488
2:40h,C. hyperboreus,C. hyperboreus C4,C4,45.5,3.928,0.706,0.572
2:40h,C. hyperboreus,C. hyperboreus C4,C4,125.5,4.252,0.616,0.499
2:40h,C. hyperboreus,C. hyperboreus C4,C4,129.5,4.221,0.653,0.434
2:40h,C. hyperboreus,C. hyperboreus C4,C4,133.5,4.141,0.724,0.524
2:40h,C. hyperboreus,C. hyperboreus C4,C4,140.5,4.134,0.706,0.602
2:40h,C. hyperboreus,C. hyperboreus C4,C4,142.5,3.973,0.743,0.499
2:40h,C. hyperboreus,C. hyperboreus C4,C4,148.5,4.311,0.748,0.554
2:40h,C. hyperboreus,C. hyperboreus C4,C4,159.5,4.164,0.646,0.461
2:40h,C. hyperboreus,C. hyperboreus C4,C4,165.5,4.246,0.702,0.512
2:40h,C. hyperboreus,C. hyperboreus C4,C4,167.5,4.327,0.603,0.455
2:40h,C. hyperboreus,C. hyperboreus C4,C4,179.5,4.159,0.686,0.518
2:40h,C. hyperboreus,C. hyperboreus C4,C4,187.5,3.902,0.823,0.542
2:40h,C. hyperboreus,C. hyperboreus C4,C4,191.5,4.191,0.624,0.426
2:40h,C. hyperboreus,C. hyperboreus C4,C4,197.5,4.001,0.769,0.513
2:40h,C. hyperboreus,C. hyperboreus C4,C4,203.5,4.248,0.678,0.547
2:40h,C. hyperboreus,C. hyperboreus C4,C4,207.5,4.458,0.645,0.386
2:40h,C. hyperboreus,C. hyperboreus C4,C4,212.5,4.492,0.742,0.481
2:40h,C. hyperboreus,C. hyperboreus C4,C4,220.5,4.094,0.721,0.494
2:40h,C. hyperboreus,C. hyperboreus C4,C4,225.5,4.035,0.789,0.537
2:40h,C. hyperboreus,C. hyperboreus C4,C4,228.5,4.105,0.695,0.511
2:40h,C. hyperboreus,C. hyperboreus C4,C4,233.5,4.385,0.731,0.533
2:40h,C. hyperboreus,C. hyperboreus C4,C4,235.5,4.492,0.719,0.437
2:40h,C. hyperboreus,C. hyperboreus C4,C4,241.5,4.345,0.841,0.537
2:40h,C. hyperboreus,C. hyperboreus C4,C4,246.5,4.344,0.682,0.457
2:40h,C. hyperboreus,C. hyperboreus C4,C4,255.5,4.058,0.768,0.481
2:40h,C. hyperboreus,C. hyperboreus C4,C4,258.5,4.413,0.717,0.585
2:40h,C. hyperboreus,C. hyperboreus C4,C4,265.5,4.044,0.686,0.504
18:45h,C. hyperboreus,C. hyperboreus C5,C5,23.5,5.139,0.843,0.551
18:45h,C. hyperboreus,C. hyperboreus C5,C5,31.5,5.156,0.685,0.532
18:45h,C. hyperboreus,C. hyperboreus C5,C5,42.5,5.271,0.943,0.576
18:45h,C. hyperboreus,C. hyperboreus C5,C5,25.5,5.072,0.756,0.471
18:45h,C. hyperboreus,C. hyperboreus C5,C5,33.5,5.337,0.953,0.581
18:45h,C. hyperboreus,C. hyperboreus C5,C5,54.5,5.341,0.631,0.527
18:45h,C. hyperboreus,C. hyperboreus C5,C5,68.5,4.826,0.696,0.475
18:45h,C. hyperboreus,C. hyperboreus C5,C5,81.5,5.324,0.976,0.631
18:45h,C. hyperboreus,C. hyperboreus C5,C5,91.5,5.333,0.981,0.631
18:45h,C. hyperboreus,C. hyperboreus C5,C5,117.5,4.755,0.908,0.652
18:45h,C. hyperboreus,C. hyperboreus C5,C5,127.5,5.011,1.249,0.618
18:45h,C. hyperboreus,C. hyperboreus C5,C5,136.5,4.989,0.897,0.595
18:45h,C. hyperboreus,C. hyperboreus C5,C5,167.5,5.065,0.954,0.713
18:45h,C. hyperboreus,C. hyperboreus C5,C5,175.5,5.086,0.932,0.625
18:45h,C. hyperboreus,C. hyperboreus C5,C5,178.5,5.059,0.979,0.626
18:45h,C. hyperboreus,C. hyperboreus C5,C5,182.5,4.936,1.091,0.659
18:45h,C. hyperboreus,C. hyperboreus C5,C5,186.5,5.046,0.931,0.664
18:45h,C. hyperboreus,C. hyperboreus C5,C5,197.5,5.015,0.761,0.502
18:45h,C. hyperboreus,C. hyperboreus C5,C5,202.5,5.037,1.067,0.658
18:45h,C. hyperboreus,C. hyperboreus C5,C5,208.5,5.284,0.805,0.512
18:45h,C. hyperboreus,C. hyperboreus C5,C5,212.5,5.019,0.789,0.523
18:45h,C. hyperboreus,C. hyperboreus C5,C5,216.5,5.046,0.915,0.562
18:45h,C. hyperboreus,C. hyperboreus C5,C5,221.5,5.372,1.233,0.731
18:45h,C. hyperboreus,C. hyperboreus C5,C5,224.5,5.081,0.819,0.518
18:45h,C. hyperboreus,C. hyperboreus C5,C5,228.5,5.271,1.005,0.661
18:45h,C. hyperboreus,C. hyperboreus C5,C5,233.5,5.072,0.902,0.617
18:45h,C. hyperboreus,C. hyperboreus C5,C5,237.5,5.443,1.014,0.654
18:45h,C. hyperboreus,C. hyperboreus C5,C5,241.5,5.042,1.156,0.746
18:45h,C. hyperboreus,C. hyperboreus C5,C5,244.5,5.408,0.982,0.587
18:45h,C. hyperboreus,C. hyperboreus C5,C5,245.5,5.328,0.876,0.588
18:45h,C. hyperboreus,C. hyperboreus C5,C5,246.5,5.527,0.819,0.551
18:45h,C. hyperboreus,C. hyperboreus C5,C5,248.5,5.187,1.024,0.678
18:45h,C. hyperboreus,C. hyperboreus C5,C5,250.5,5.165,1.023,0.654
18:45h,C. hyperboreus,C. hyperboreus C5,C5,256.5,5.165,1.155,0.666
18:45h,C. hyperboreus,C. hyperboreus C5,C5,263.5,5.081,1.126,0.691
18:45h,C. hyperboreus,C. hyperboreus C5,C5,270.5,5.496,1.249,0.804
18:45h,C. hyperboreus,C. hyperboreus C5,C5,274.5,5.328,1.251,0.685
18:45h,C. hyperboreus,C. hyperboreus C5,C5,281.5,5.302,1.121,0.746
18:45h,C. hyperboreus,C. hyperboreus C5,C5,285.5,5.346,1.119,0.709
18:45h,C. hyperboreus,C. hyperboreus C5,C5,290.5,5.275,1.209,0.751
18:45h,C. hyperboreus,C. hyperboreus C5,C5,295.5,5.178,1.057,0.684
18:45h,C. hyperboreus,C. hyperboreus C5,C5,299.5,5.187,0.933,0.677
18:45h,C. hyperboreus,C. hyperboreus C5,C5,302.5,5.218,0.949,0.702
18:45h,C. hyperboreus,C. hyperboreus C5,C5,307.5,5.491,1.118,0.715
18:45h,C. hyperboreus,C. hyperboreus C5,C5,314.5,5.319,0.823,0.613
18:45h,C. hyperboreus,C. hyperboreus C5,C5,319.5,5.266,1.151,0.699
18:45h,C. hyperboreus,C. hyperboreus C5,C5,324.5,5.002,1.126,0.721
18:45h,C. hyperboreus,C. hyperboreus C5,C5,330.5,5.368,0.433,0.603
18:45h,C. hyperboreus,C. hyperboreus C5,C5,335.5,5.368,1.321,0.79
18:45h,C. hyperboreus,C. hyperboreus C5,C5,338.5,5.231,1.045,0.747
18:45h,C. hyperboreus,C. hyperboreus C5,C5,340.5,4.927,1.149,0.793
18:45h,C. hyperboreus,C. hyperboreus C5,C5,342.5,5.311,1.183,0.701
2:40h,C. hyperboreus,C. hyperboreus C5,C5,11.5,5.244,0.816,0.536
2:40h,C. hyperboreus,C. hyperboreus C5,C5,17.5,5.064,0.772,0.492
2:40h,C. hyperboreus,C. hyperboreus C5,C5,20.5,5.293,0.784,0.538
2:40h,C. hyperboreus,C. hyperboreus C5,C5,25.5,5.461,0.769,0.583
2:40h,C. hyperboreus,C. hyperboreus C5,C5,26.5,5.218,0.781,0.515
2:40h,C. hyperboreus,C. hyperboreus C5,C5,30.5,5.341,0.817,0.611
2:40h,C. hyperboreus,C. hyperboreus C5,C5,34.5,5.121,0.871,0.592
2:40h,C. hyperboreus,C. hyperboreus C5,C5,37.5,5.093,1.062,0.621
2:40h,C. hyperboreus,C. hyperboreus C5,C5,41.5,5.205,0.572,0.451
2:40h,C. hyperboreus,C. hyperboreus C5,C5,51.5,5.059,0.854,0.539
2:40h,C. hyperboreus,C. hyperboreus C5,C5,64.5,5.161,0.777,0.527
2:40h,C. hyperboreus,C. hyperboreus C5,C5,77.5,5.125,0.673,0.448
2:40h,C. hyperboreus,C. hyperboreus C5,C5,82.5,5.103,1.005,0.611
2:40h,C. hyperboreus,C. hyperboreus C5,C5,93.5,5.156,0.743,0.515
2:40h,C. hyperboreus,C. hyperboreus C5,C5,117.5,5.033,1.198,0.602
2:40h,C. hyperboreus,C. hyperboreus C5,C5,126.5,5.363,0.706,0.493
2:40h,C. hyperboreus,C. hyperboreus C5,C5,129.5,5.192,1.155,0.601
2:40h,C. hyperboreus,C. hyperboreus C5,C5,148.5,5.183,0.844,0.579
2:40h,C. hyperboreus,C. hyperboreus C5,C5,168.5,4.892,0.891,0.639
2:40h,C. hyperboreus,C. hyperboreus C5,C5,173.5,5.183,0.861,0.557
2:40h,C. hyperboreus,C. hyperboreus C5,C5,175.5,5.436,0.834,0.534
2:40h,C. hyperboreus,C. hyperboreus C5,C5,177.5,5.156,0.865,0.539
2:40h,C. hyperboreus,C. hyperboreus C5,C5,182.5,5.606,0.825,0.637
2:40h,C. hyperboreus,C. hyperboreus C5,C5,187.5,5.372,0.927,0.654
2:40h,C. hyperboreus,C. hyperboreus C5,C5,190.5,5.249,0.931,0.621
2:40h,C. hyperboreus,C. hyperboreus C5,C5,193.5,5.319,1.137,0.668
2:40h,C. hyperboreus,C. hyperboreus C5,C5,195.5,5.337,0.804,0.521
2:40h,C. hyperboreus,C. hyperboreus C5,C5,199.5,5.055,1.065,0.653
2:40h,C. hyperboreus,C. hyperboreus C5,C5,200.5,5.355,0.817,0.557
2:40h,C. hyperboreus,C. hyperboreus C5,C5,202.5,5.249,1.012,0.593
2:40h,C. hyperboreus,C. hyperboreus C5,C5,205.5,5.052,0.724,0.559
2:40h,C. hyperboreus,C. hyperboreus C5,C5,208.5,5.483,0.921,0.657
2:40h,C. hyperboreus,C. hyperboreus C5,C5,210.5,5.064,0.811,0.521
2:40h,C. hyperboreus,C. hyperboreus C5,C5,211.5,5.187,0.983,0.577
2:40h,C. hyperboreus,C. hyperboreus C5,C5,214.5,5.134,0.827,0.609
2:40h,C. hyperboreus,C. hyperboreus C5,C5,217.5,5.302,0.988,0.619
2:40h,C. hyperboreus,C. hyperboreus C5,C5,221.5,5.341,1.176,0.749
2:40h,C. hyperboreus,C. hyperboreus C5,C5,226.5,5.187,1.028,0.702
2:40h,C. hyperboreus,C. hyperboreus C5,C5,228.5,5.456,0.952,0.565
2:40h,C. hyperboreus,C. hyperboreus C5,C5,231.5,5.011,1.015,0.748
2:40h,C. hyperboreus,C. hyperboreus C5,C5,234.5,5.143,1.029,0.69
2:40h,C. hyperboreus,C. hyperboreus C5,C5,240.5,5.359,1.002,0.614
2:40h,C. hyperboreus,C. hyperboreus C5,C5,243.5,5.434,1.322,0.762
2:40h,C. hyperboreus,C. hyperboreus C5,C5,245.5,5.108,1.137,0.684
2:40h,C. hyperboreus,C. hyperboreus C5,C5,248.5,5.072,1.033,0.695
2:40h,C. hyperboreus,C. hyperboreus C5,C5,252.5,5.408,1.219,0.745
2:40h,C. hyperboreus,C. hyperboreus C5,C5,260.5,5.386,1.234,0.752
2:40h,C. hyperboreus,C. hyperboreus C5,C5,265.5,5.293,1.074,0.675
18:45h,C. hyperboreus,C. hyperboreus F,F,22.5,6.697,1.787,0.721
18:45h,C. hyperboreus,C. hyperboreus F,F,24.5,6.816,1.851,0.761
18:45h,C. hyperboreus,C. hyperboreus F,F,36.5,6.697,1.701,0.751
18:45h,C. hyperboreus,C. hyperboreus F,F,38.5,6.476,2.211,0.851
18:45h,C. hyperboreus,C. hyperboreus F,F,167.5,7.144,2.486,0.721
18:45h,C. hyperboreus,C. hyperboreus F,F,179.5,6.622,2.388,0.765
18:45h,C. hyperboreus,C. hyperboreus F,F,187.5,6.609,2.088,0.709
18:45h,C. hyperboreus,C. hyperboreus F,F,197.5,6.622,1.974,0.728
18:45h,C. hyperboreus,C. hyperboreus F,F,203.5,6.481,2.228,0.642
18:45h,C. hyperboreus,C. hyperboreus F,F,212.5,6.573,2.658,0.901
18:45h,C. hyperboreus,C. hyperboreus F,F,215.5,6.296,2.262,0.831
18:45h,C. hyperboreus,C. hyperboreus F,F,219.5,6.393,1.915,0.619
18:45h,C. hyperboreus,C. hyperboreus F,F,221.5,6.527,2.544,0.784
18:45h,C. hyperboreus,C. hyperboreus F,F,224.5,6.419,1.918,0.702
18:45h,C. hyperboreus,C. hyperboreus F,F,226.5,6.798,2.568,0.851
18:45h,C. hyperboreus,C. hyperboreus F,F,233.5,6.675,2.454,0.813
18:45h,C. hyperboreus,C. hyperboreus F,F,235.5,6.873,2.344,0.797
18:45h,C. hyperboreus,C. hyperboreus F,F,236.5,6.679,2.334,0.758
18:45h,C. hyperboreus,C. hyperboreus F,F,239.5,6.706,2.712,0.839
18:45h,C. hyperboreus,C. hyperboreus F,F,241.5,6.688,2.016,0.661
18:45h,C. hyperboreus,C. hyperboreus F,F,242.5,6.476,2.561,0.759
18:45h,C. hyperboreus,C. hyperboreus F,F,245.5,6.653,2.673,0.851
18:45h,C. hyperboreus,C. hyperboreus F,F,248.5,6.856,2.461,0.822
18:45h,C. hyperboreus,C. hyperboreus F,F,255.5,7.161,2.568,0.881
18:45h,C. hyperboreus,C. hyperboreus F,F,258.5,6.494,2.251,0.727
18:45h,C. hyperboreus,C. hyperboreus F,F,267.5,6.737,2.078,0.692
18:45h,C. hyperboreus,C. hyperboreus F,F,271.5,6.948,2.679,0.849
18:45h,C. hyperboreus,C. hyperboreus F,F,274.5,6.601,2.636,0.813
18:45h,C. hyperboreus,C. hyperboreus F,F,277.5,6.613,2.136,0.772
18:45h,C. hyperboreus,C. hyperboreus F,F,280.5,6.728,2.458,0.854
18:45h,C. hyperboreus,C. hyperboreus F,F,281.5,6.723,2.798,0.907
18:45h,C. hyperboreus,C. hyperboreus F,F,285.5,7.094,2.367,0.862
18:45h,C. hyperboreus,C. hyperboreus F,F,294.5,6.481,2.381,0.773
18:45h,C. hyperboreus,C. hyperboreus F,F,298.5,6.825,3.044,0.901
18:45h,C. hyperboreus,C. hyperboreus F,F,306.5,6.582,2.621,0.754
18:45h,C. hyperboreus,C. hyperboreus F,F,309.5,6.706,2.801,0.846
18:45h,C. hyperboreus,C. hyperboreus F,F,314.5,6.538,2.764,0.892
18:45h,C. hyperboreus,C. hyperboreus F,F,319.5,6.463,2.845,0.838
18:45h,C. hyperboreus,C. hyperboreus F,F,326.5,6.529,3.088,0.893
18:45h,C. hyperboreus,C. hyperboreus F,F,331.5,6.269,2.982,0.814
18:45h,C. hyperboreus,C. hyperboreus F,F,335.5,6.512,3.049,0.901
18:45h,C. hyperboreus,C. hyperboreus F,F,343.5,7.019,3.079,0.848
18:45h,C. hyperboreus,C. hyperboreus F,F,344.5,6.992,2.151,0.819
2:40h,C. hyperboreus,C. hyperboreus F,F,0.5,7.056,2.183,0.847
2:40h,C. hyperboreus,C. hyperboreus F,F,35.5,7.067,2.142,0.756
2:40h,C. hyperboreus,C. hyperboreus F,F,41.5,6.706,2.587,0.762
2:40h,C. hyperboreus,C. hyperboreus F,F,43.5,6.772,2.272,0.788
2:40h,C. hyperboreus,C. hyperboreus F,F,83.5,6.71,2.141,0.703
2:40h,C. hyperboreus,C. hyperboreus F,F,105.5,6.565,2.478,0.753
2:40h,C. hyperboreus,C. hyperboreus F,F,154.5,6.816,2.185,0.646
2:40h,C. hyperboreus,C. hyperboreus F,F,158.5,7.014,2.249,0.759
2:40h,C. hyperboreus,C. hyperboreus F,F,164.5,6.498,2.057,0.769
2:40h,C. hyperboreus,C. hyperboreus F,F,175.5,6.366,1.919,0.621
2:40h,C. hyperboreus,C. hyperboreus F,F,178.5,6.662,2.291,0.715
2:40h,C. hyperboreus,C. hyperboreus F,F,188.5,7.001,2.385,0.899
2:40h,C. hyperboreus,C. hyperboreus F,F,190.5,6.759,2.057,0.769
2:40h,C. hyperboreus,C. hyperboreus F,F,191.5,7.058,2.699,0.781
2:40h,C. hyperboreus,C. hyperboreus F,F,194.5,6.953,2.467,0.698
2:40h,C. hyperboreus,C. hyperboreus F,F,195.5,6.856,1.958,0.655
2:40h,C. hyperboreus,C. hyperboreus F,F,197.5,6.641,2.411,0.786
2:40h,C. hyperboreus,C. hyperboreus F,F,198.5,6.454,2.257,0.716
2:40h,C. hyperboreus,C. hyperboreus F,F,199.5,7.133,2.737,0.824
2:40h,C. hyperboreus,C. hyperboreus F,F,200.5,6.763,2.487,0.783
2:40h,C. hyperboreus,C. hyperboreus F,F,201.5,6.684,2.081,0.751
2:40h,C. hyperboreus,C. hyperboreus F,F,203.5,6.565,2.252,0.712
2:40h,C. hyperboreus,C. hyperboreus F,F,214.5,6.706,2.218,0.894
2:40h,C. hyperboreus,C. hyperboreus F,F,215.5,6.212,2.768,0.902
2:40h,C. hyperboreus,C. hyperboreus F,F,219.5,6.789,2.274,0.853
2:40h,C. hyperboreus,C. hyperboreus F,F,222.5,6.975,2.558,0.872
2:40h,C. hyperboreus,C. hyperboreus F,F,226.5,6.432,2.422,0.732
2:40h,C. hyperboreus,C. hyperboreus F,F,230.5,6.992,2.658,0.619
2:40h,C. hyperboreus,C. hyperboreus F,F,235.5,7.054,2.723,0.891
2:40h,C. hyperboreus,C. hyperboreus F,F,236.5,6.878,2.658,0.913
2:40h,C. hyperboreus,C. hyperboreus F,F,241.5,6.882,3.826,0.854
2:40h,C. hyperboreus,C. hyperboreus F,F,243.5,7.107,2.756,0.848
2:40h,C. hyperboreus,C. hyperboreus F,F,244.5,7.005,2.893,0.809
2:40h,C. hyperboreus,C. hyperboreus F,F,246.5,6.644,2.701,0.843
2:40h,C. hyperboreus,C. hyperboreus F,F,248.5,7.107,2.478,0.753
2:40h,C. hyperboreus,C. hyperboreus F,F,257.5,6.926,2.539,0.733
2:40h,C. hyperboreus,C. hyperboreus F,F,265.5,6.842,3.018,0.901
18:45h,C. hyperboreus,C. hyperboreus C3,C3,19.5,3.732,0.046,0.355
18:45h,C. hyperboreus,C. hyperboreus C3,C3,27.5,3.556,0.086,0.434
18:45h,C. hyperboreus,C. hyperboreus C3,C3,43.5,3.392,0.178,0.463
18:45h,C. hyperboreus,C. hyperboreus C3,C3,48.5,3.401,0.082,0.393
18:45h,C. hyperboreus,C. hyperboreus C3,C3,56.5,3.648,0.078,0.438
18:45h,C. hyperboreus,C. hyperboreus C3,C3,60.5,3.705,0.081,0.445
18:45h,C. hyperboreus,C. hyperboreus C3,C3,66.5,3.295,0.079,0.361
18:45h,C. hyperboreus,C. hyperboreus C3,C3,71.5,3.675,0.084,0.432
18:45h,C. hyperboreus,C. hyperboreus C3,C3,81.5,3.278,0.096,0.442
18:45h,C. hyperboreus,C. hyperboreus C3,C3,88.5,3.362,0.093,0.414
18:45h,C. hyperboreus,C. hyperboreus C3,C3,98.5,3.194,0.088,0.331
18:45h,C. hyperboreus,C. hyperboreus C3,C3,98.5,4.019,0.054,0.333
18:45h,C. hyperboreus,C. hyperboreus C3,C3,103.5,3.309,0.076,0.316
18:45h,C. hyperboreus,C. hyperboreus C3,C3,105.5,3.713,0.112,0.332
18:45h,C. hyperboreus,C. hyperboreus C3,C3,105.5,3.639,0.135,0.473
18:45h,C. hyperboreus,C. hyperboreus C3,C3,110.5,3.287,0.055,0.363
18:45h,C. hyperboreus,C. hyperboreus C3,C3,113.5,3.437,0.099,0.328
18:45h,C. hyperboreus,C. hyperboreus C3,C3,113.5,3.582,0.121,0.486
18:45h,C. hyperboreus,C. hyperboreus C3,C3,118.5,3.675,0.111,0.375
18:45h,C. hyperboreus,C. hyperboreus C3,C3,123.5,3.265,0.099,0.504
18:45h,C. hyperboreus,C. hyperboreus C3,C3,126.5,2.982,0.073,0.456
18:45h,C. hyperboreus,C. hyperboreus C3,C3,131.5,3.282,0.095,0.429
18:45h,C. hyperboreus,C. hyperboreus C3,C3,131.5,3.088,0.063,0.341
18:45h,C. hyperboreus,C. hyperboreus C3,C3,132.5,3.494,0.112,0.423
18:45h,C. hyperboreus,C. hyperboreus C3,C3,134.5,3.525,0.091,0.352
18:45h,C. hyperboreus,C. hyperboreus C3,C3,134.5,3.168,0.075,0.321
18:45h,C. hyperboreus,C. hyperboreus C3,C3,141.5,3.123,0.092,0.286
18:45h,C. hyperboreus,C. hyperboreus C3,C3,141.5,3.467,0.092,0.286
18:45h,C. hyperboreus,C. hyperboreus C3,C3,141.5,3.414,0.074,0.442
18:45h,C. hyperboreus,C. hyperboreus C3,C3,145.5,3.864,0.111,0.412
18:45h,C. hyperboreus,C. hyperboreus C3,C3,147.5,3.388,0.074,0.427
18:45h,C. hyperboreus,C. hyperboreus C3,C3,154.5,3.331,0.095,0.425
18:45h,C. hyperboreus,C. hyperboreus C3,C3,163.5,3.317,0.076,0.412
18:45h,C. hyperboreus,C. hyperboreus C3,C3,163.5,3.626,0.126,0.421
18:45h,C. hyperboreus,C. hyperboreus C3,C3,165.5,3.348,0.102,0.344
18:45h,C. hyperboreus,C. hyperboreus C3,C3,167.5,2.974,0.091,0.456
18:45h,C. hyperboreus,C. hyperboreus C3,C3,175.5,3.198,0.082,0.416
18:45h,C. hyperboreus,C. hyperboreus C3,C3,177.5,3.445,0.104,0.352
18:45h,C. hyperboreus,C. hyperboreus C3,C3,201.5,3.342,0.073,0.351
18:45h,C. hyperboreus,C. hyperboreus C3,C3,202.5,3.489,0.112,0.346
18:45h,C. hyperboreus,C. hyperboreus C3,C3,207.5,3.582,0.091,0.331
18:45h,C. hyperboreus,C. hyperboreus C3,C3,207.5,3.176,0.075,0.341
18:45h,C. hyperboreus,C. hyperboreus C3,C3,230.5,3.234,0.125,0.416
18:45h,C. hyperboreus,C. hyperboreus C3,C3,246.5,3.529,0.106,0.385
18:45h,C. hyperboreus,C. hyperboreus C3,C3,249.5,3.384,0.084,0.406
18:45h,C. hyperboreus,C. hyperboreus C3,C3,262.5,3.384,0.103,0.421
18:45h,C. hyperboreus,C. hyperboreus C3,C3,284.5,3.278,0.135,0.431
18:45h,C. hyperboreus,C. hyperboreus C3,C3,299.5,3.732,0.074,0.451
18:45h,C. hyperboreus,C. hyperboreus C3,C3,303.5,3.423,0.095,0.415
18:45h,C. hyperboreus,C. hyperboreus C3,C3,328.5,3.662,0.119,0.395
2:40h,C. hyperboreus,C. hyperboreus C3,C3,0.5,3.476,0.046,0.454
2:40h,C. hyperboreus,C. hyperboreus C3,C3,6.5,3.472,0.056,0.377
2:40h,C. hyperboreus,C. hyperboreus C3,C3,9.5,3.351,0.086,0.355
2:40h,C. hyperboreus,C. hyperboreus C3,C3,10.5,3.708,0.073,0.397
2:40h,C. hyperboreus,C. hyperboreus C3,C3,16.5,3.795,0.116,0.381
2:40h,C. hyperboreus,C. hyperboreus C3,C3,18.5,3.275,0.077,0.433
2:40h,C. hyperboreus,C. hyperboreus C3,C3,19.5,3.705,0.058,0.402
2:40h,C. hyperboreus,C. hyperboreus C3,C3,20.5,3.228,0.102,0.343
2:40h,C. hyperboreus,C. hyperboreus C3,C3,23.5,3.352,0.074,0.427
2:40h,C. hyperboreus,C. hyperboreus C3,C3,24.5,3.144,0.082,0.396
2:40h,C. hyperboreus,C. hyperboreus C3,C3,26.5,3.979,0.108,0.414
2:40h,C. hyperboreus,C. hyperboreus C3,C3,29.5,3.369,0.111,0.475
2:40h,C. hyperboreus,C. hyperboreus C3,C3,32.5,3.791,0.082,0.333
2:40h,C. hyperboreus,C. hyperboreus C3,C3,35.5,3.599,0.076,0.306
2:40h,C. hyperboreus,C. hyperboreus C3,C3,37.5,3.277,0.124,0.442
2:40h,C. hyperboreus,C. hyperboreus C3,C3,38.5,3.407,0.081,0.365
2:40h,C. hyperboreus,C. hyperboreus C3,C3,41.5,3.592,0.126,0.424
2:40h,C. hyperboreus,C. hyperboreus C3,C3,45.5,3.615,0.053,0.414
2:40h,C. hyperboreus,C. hyperboreus C3,C3,49.5,3.315,0.098,0.351
2:40h,C. hyperboreus,C. hyperboreus C3,C3,50.5,3.002,0.054,0.363
2:40h,C. hyperboreus,C. hyperboreus C3,C3,58.5,3.382,0.102,0.302
2:40h,C. hyperboreus,C. hyperboreus C3,C3,61.5,3.148,0.095,0.414
2:40h,C. hyperboreus,C. hyperboreus C3,C3,64.5,3.574,0.035,0.353
2:40h,C. hyperboreus,C. hyperboreus C3,C3,65.5,3.465,0.139,0.298
2:40h,C. hyperboreus,C. hyperboreus C3,C3,66.5,3.098,0.151,0.426
2:40h,C. hyperboreus,C. hyperboreus C3,C3,71.5,3.063,0.129,0.494
2:40h,C. hyperboreus,C. hyperboreus C3,C3,76.5,3.457,0.085,0.399
2:40h,C. hyperboreus,C. hyperboreus C3,C3,77.5,3.354,0.023,0.321
2:40h,C. hyperboreus,C. hyperboreus C3,C3,80.5,3.904,0.051,0.352
2:40h,C. hyperboreus,C. hyperboreus C3,C3,81.5,3.298,0.055,0.291
2:40h,C. hyperboreus,C. hyperboreus C3,C3,83.5,3.351,0.122,0.326
2:40h,C. hyperboreus,C. hyperboreus C3,C3,88.5,3.317,0.111,0.442
2:40h,C. hyperboreus,C. hyperboreus C3,C3,101.5,3.726,0.095,0.395
2:40h,C. hyperboreus,C. hyperboreus C3,C3,103.5,3.438,0.115,0.422
2:40h,C. hyperboreus,C. hyperboreus C3,C3,108.5,2.934,0.142,0.316
2:40h,C. hyperboreus,C. hyperboreus C3,C3,113.5,3.138,0.084,0.392
2:40h,C. hyperboreus,C. hyperboreus C3,C3,116.5,3.375,0.167,0.306
2:40h,C. hyperboreus,C. hyperboreus C3,C3,123.5,3.312,0.071,0.276
2:40h,C. hyperboreus,C. hyperboreus C3,C3,142.5,3.429,0.115,0.456
2:40h,C. hyperboreus,C. hyperboreus C3,C3,158.5,3.572,0.066,0.342
2:40h,C. hyperboreus,C. hyperboreus C3,C3,161.5,3.136,0.088,0.426
2:40h,C. hyperboreus,C. hyperboreus C3,C3,165.5,3.204,0.083,0.436
2:40h,C. hyperboreus,C. hyperboreus C3,C3,172.5,3.499,0.119,0.375
2:40h,C. hyperboreus,C. hyperboreus C3,C3,177.5,3.304,0.081,0.354
2:40h,C. hyperboreus,C. hyperboreus C3,C3,185.5,3.454,0.149,0.395
2:40h,C. hyperboreus,C. hyperboreus C3,C3,192.5,3.348,0.142,0.351
2:40h,C. hyperboreus,C. hyperboreus C3,C3,206.5,3.632,0.152,0.393
2:40h,C. hyperboreus,C. hyperboreus C3,C3,215.5,3.493,0.095,0.391
2:40h,C. hyperboreus,C. hyperboreus C3,C3,236.5,3.712,0.115,0.451
2:40h,C. hyperboreus,C. hyperboreus C3,C3,265.5,3.536,0.125,0.476